[
  {
    "question": "What are the main branches of philosophy in education?",
    "answer": "The main branches are metaphysics, epistemology, axiology, and logic. Each plays a role in shaping educational theories."
  },
  {
    "question": "Explain the role of a teacher in experiential learning.",
    "answer": "In experiential learning, the teacher acts as a facilitator who designs learning experiences and encourages reflection."
  },
  {
    "question": "What is meant by 'curriculum transaction'?",
    "answer": "Curriculum transaction refers to the implementation of the curriculum through classroom teaching-learning processes."
  },
  {
    "question": "Discuss the contribution of Rousseau in education.",
    "answer": "Rousseau emphasized natural development and learner-centered education, which influenced progressive education models."
  },
  {
    "question": "Define the concept of inclusive education.",
    "answer": "Inclusive education ensures all students, regardless of ability or background, have equal access to learning opportunities."
  },
  {
    "question": "What is the objective of action research?",
    "answer": "The primary objective of action research is to improve teaching practices and address classroom challenges through reflective inquiry."
  }
]