[
  {
    "question": "What is jurisprudence?",
    "answer": "Jurisprudence is the theoretical study of law, exploring its nature, sources, and principles."
  },
  {
    "question": "What are fundamental rights?",
    "answer": "Fundamental rights are the basic human freedoms guaranteed by the Indian Constitution under Part III."
  },
  {
    "question": "What is biodiversity in law?",
    "answer": "Biodiversity in law refers to international agreements and national statutes that protect biological diversity, such as the Convention on Biological Diversity (CBD)."
  }
  
]